<keymap version="1" name="Eclipse copy" parent="Eclipse">
  <action id="CloseActiveTab" />
  <action id="CloseContent">
    <keyboard-shortcut first-keystroke="ctrl f4" />
    <keyboard-shortcut first-keystroke="ctrl w" />
  </action>
  <action id="CommentByLineComment">
    <keyboard-shortcut first-keystroke="ctrl slash" />
    <keyboard-shortcut first-keystroke="ctrl divide" />
    <keyboard-shortcut first-keystroke="alt slash" />
  </action>
  <action id="CompareTwoFiles" />
  <action id="Debug">
    <keyboard-shortcut first-keystroke="shift alt d" />
    <keyboard-shortcut first-keystroke="shift f9" />
    <keyboard-shortcut first-keystroke="f5" />
  </action>
  <action id="Debugger.RestoreBreakpoint">
    <keyboard-shortcut first-keystroke="shift f12" />
  </action>
  <action id="Diff.ShowDiff" />
  <action id="Diff.ShowSettingsPopup" />
  <action id="Documentation.EditSource">
    <keyboard-shortcut first-keystroke="shift ctrl e" />
  </action>
  <action id="DomCollectionControl.Edit">
    <keyboard-shortcut first-keystroke="shift ctrl e" />
  </action>
  <action id="DomElementsTreeView.GotoDomElementDeclarationAction">
    <keyboard-shortcut first-keystroke="shift ctrl e" />
  </action>
  <action id="EditSource">
    <keyboard-shortcut first-keystroke="shift ctrl e" />
  </action>
  <action id="EditorDeleteLine">
    <keyboard-shortcut first-keystroke="alt d" />
  </action>
  <action id="EditorDeleteToLineEnd">
    <keyboard-shortcut first-keystroke="shift ctrl delete" />
    <keyboard-shortcut first-keystroke="shift alt delete" />
  </action>
  <action id="ExternalSystem.OpenConfig">
    <keyboard-shortcut first-keystroke="shift ctrl e" />
  </action>
  <action id="FileChooser.GotoDesktop" />
  <action id="GotoDeclaration">
    <keyboard-shortcut first-keystroke="f3" />
    <mouse-shortcut keystroke="control button1" />
    <keyboard-shortcut first-keystroke="ctrl d" />
  </action>
  <action id="HippieCompletion" />
  <action id="ImplementMethods" />
  <action id="NavBar-navigate">
    <keyboard-shortcut first-keystroke="shift ctrl e" />
  </action>
  <action id="ProjectViewEditSource">
    <keyboard-shortcut first-keystroke="shift ctrl e" />
  </action>
  <action id="RestoreDefaultLayout" />
  <action id="Resume">
    <keyboard-shortcut first-keystroke="f8" />
  </action>
  <action id="Run">
    <keyboard-shortcut first-keystroke="shift alt x" />
    <keyboard-shortcut first-keystroke="shift f10" />
    <keyboard-shortcut first-keystroke="ctrl f5" />
  </action>
  <action id="RunToCursor">
    <keyboard-shortcut first-keystroke="ctrl r" />
    <keyboard-shortcut first-keystroke="f9" />
  </action>
  <action id="SendEOF" />
  <action id="ShowBookmarks" />
  <action id="ShowSettings">
    <keyboard-shortcut first-keystroke="ctrl alt s" />
    <keyboard-shortcut first-keystroke="shift alt p" />
  </action>
  <action id="SmartStepInto" />
  <action id="StepInto">
    <keyboard-shortcut first-keystroke="f11" />
  </action>
  <action id="StepOut">
    <keyboard-shortcut first-keystroke="f7" />
    <keyboard-shortcut first-keystroke="shift f8" />
    <keyboard-shortcut first-keystroke="shift f11" />
  </action>
  <action id="StepOver">
    <keyboard-shortcut first-keystroke="f6" />
    <keyboard-shortcut first-keystroke="f10" />
  </action>
  <action id="Stop">
    <keyboard-shortcut first-keystroke="ctrl f2" />
    <keyboard-shortcut first-keystroke="f4" />
  </action>
  <action id="ToggleLineBreakpoint">
    <keyboard-shortcut first-keystroke="shift ctrl b" />
    <keyboard-shortcut first-keystroke="ctrl f8" />
    <keyboard-shortcut first-keystroke="f12" />
  </action>
  <action id="TypeHierarchy" />
  <action id="TypeHierarchyBase.BaseOnThisType" />
  <action id="UsageFiltering.WriteAccess" />
  <action id="Vcs.EditSource">
    <keyboard-shortcut first-keystroke="shift ctrl e" />
  </action>
  <action id="XDebugger.JumpToSource">
    <keyboard-shortcut first-keystroke="shift ctrl e" />
  </action>
  <action id="hg4idea.QPushAction" />
</keymap>