<application>
  <component name="ProjectJdkTable">
    <jdk version="2">
      <name value="Python 3.6 (brain_model)" />
      <type value="Python SDK" />
      <version value="Python 3.6.13" />
      <homePath value="$USER_HOME$/anaconda2/envs/brain_model/bin/python" />
      <roots>
        <classPath>
          <root type="composite">
            <root url="file://$USER_HOME$/anaconda2/envs/brain_model/lib/python3.6" type="simple" />
            <root url="file://$USER_HOME$/anaconda2/envs/brain_model/lib/python3.6/lib-dynload" type="simple" />
            <root url="file://$USER_HOME$/anaconda2/envs/brain_model/lib/python3.6/site-packages" type="simple" />
            <root url="file://$USER_HOME$/anaconda2/envs/brain_model/lib/python3.6/site-packages/brainio-0.1.0-py3.6.egg" type="simple" />
            <root url="file://$USER_HOME$/anaconda2/envs/brain_model/lib/python3.6/site-packages/netCDF4-1.5.8-py3.6-linux-x86_64.egg" type="simple" />
            <root url="file://$USER_HOME$/anaconda2/envs/brain_model/lib/python3.6/site-packages/pandas-1.4.1-py3.6-linux-x86_64.egg" type="simple" />
            <root url="file://$USER_HOME$/anaconda2/envs/brain_model/lib/python3.6/site-packages/boto3-1.21.19-py3.6.egg" type="simple" />
            <root url="file://$USER_HOME$/anaconda2/envs/brain_model/lib/python3.6/site-packages/cftime-1.6.0-py3.6-linux-x86_64.egg" type="simple" />
            <root url="file://$USER_HOME$/anaconda2/envs/brain_model/lib/python3.6/site-packages/s3transfer-0.5.2-py3.6.egg" type="simple" />
            <root url="file://$USER_HOME$/anaconda2/envs/brain_model/lib/python3.6/site-packages/jmespath-0.10.0-py3.6.egg" type="simple" />
            <root url="file://$USER_HOME$/anaconda2/envs/brain_model/lib/python3.6/site-packages/urllib3-1.26.8-py3.6.egg" type="simple" />
            <root url="file://$USER_HOME$/anaconda2/envs/brain_model/lib/python3.6/site-packages/psycopg2_binary-2.9.3-py3.6-linux-x86_64.egg" type="simple" />
            <root url="file://$USER_HOME$/anaconda2/envs/brain_model/lib/python3.6/site-packages/peewee-3.14.10-py3.6.egg" type="simple" />
            <root url="file://$USER_HOME$/anaconda2/envs/brain_model/lib/python3.6/site-packages/pybtex-0.24.0-py3.6.egg" type="simple" />
            <root url="file://$USER_HOME$/anaconda2/envs/brain_model/lib/python3.6/site-packages/jupyter-1.0.0-py3.6.egg" type="simple" />
            <root url="file://$USER_HOME$/anaconda2/envs/brain_model/lib/python3.6/site-packages/result_caching-0.1.0-py3.6.egg" type="simple" />
            <root url="file://$USER_HOME$/anaconda2/envs/brain_model/lib/python3.6/site-packages/toolz-0.11.2-py3.6.egg" type="simple" />
            <root url="file://$USER_HOME$/anaconda2/envs/brain_model/lib/python3.6/site-packages/partd-1.2.0-py3.6.egg" type="simple" />
            <root url="file://$USER_HOME$/anaconda2/envs/brain_model/lib/python3.6/site-packages/fsspec-2022.2.0-py3.6.egg" type="simple" />
            <root url="file://$USER_HOME$/anaconda2/envs/brain_model/lib/python3.6/site-packages/cloudpickle-2.0.0-py3.6.egg" type="simple" />
            <root url="file://$USER_HOME$/anaconda2/envs/brain_model/lib/python3.6/site-packages/locket-0.2.1-py3.6.egg" type="simple" />
            <root url="file://$USER_HOME$/anaconda2/envs/brain_model/lib/python3.6/site-packages/networkx-2.7.1-py3.6.egg" type="simple" />
            <root url="file://$USER_HOME$/anaconda2/envs/brain_model/lib/python3.6/site-packages/GitPython-3.1.27-py3.6.egg" type="simple" />
            <root url="file://$USER_HOME$/anaconda2/envs/brain_model/lib/python3.6/site-packages/latexcodec-2.0.1-py3.6.egg" type="simple" />
            <root url="file://$USER_HOME$/anaconda2/envs/brain_model/lib/python3.6/site-packages/qtconsole-5.2.2-py3.6.egg" type="simple" />
            <root url="file://$USER_HOME$/anaconda2/envs/brain_model/lib/python3.6/site-packages/jupyter_console-6.4.3-py3.6.egg" type="simple" />
            <root url="file://$USER_HOME$/anaconda2/envs/brain_model/lib/python3.6/site-packages/ipywidgets-8.0.0rc0-py3.6.egg" type="simple" />
            <root url="file://$USER_HOME$/anaconda2/envs/brain_model/lib/python3.6/site-packages/wheel-0.37.1-py3.6.egg" type="simple" />
            <root url="file://$USER_HOME$/anaconda2/envs/brain_model/lib/python3.6/site-packages/gitdb-4.0.9-py3.6.egg" type="simple" />
            <root url="file://$USER_HOME$/anaconda2/envs/brain_model/lib/python3.6/site-packages/QtPy-2.0.1-py3.6.egg" type="simple" />
            <root url="file://$USER_HOME$/anaconda2/envs/brain_model/lib/python3.6/site-packages/prompt_toolkit-3.0.28-py3.6.egg" type="simple" />
            <root url="file://$USER_HOME$/anaconda2/envs/brain_model/lib/python3.6/site-packages/widgetsnbextension-4.0.0rc0-py3.6.egg" type="simple" />
            <root url="file://$USER_HOME$/anaconda2/envs/brain_model/lib/python3.6/site-packages/jupyterlab_widgets-3.0.0rc0-py3.6.egg" type="simple" />
            <root url="file://$USER_HOME$/anaconda2/envs/brain_model/lib/python3.6/site-packages/brainio_base-0.1.0-py3.6.egg" type="simple" />
            <root url="file://$USER_HOME$/anaconda2/envs/brain_model/lib/python3.6/site-packages/pytest-7.1.0-py3.6.egg" type="simple" />
            <root url="file://$USER_HOME$/anaconda2/envs/brain_model/lib/python3.6/site-packages/tomli-2.0.1-py3.6.egg" type="simple" />
            <root url="file://$USER_HOME$/anaconda2/envs/brain_model/lib/python3.6/site-packages/py-1.11.0-py3.6.egg" type="simple" />
            <root url="file://$USER_HOME$/anaconda2/envs/brain_model/lib/python3.6/site-packages/pluggy-1.0.0-py3.6.egg" type="simple" />
            <root url="file://$USER_HOME$/anaconda2/envs/brain_model/lib/python3.6/site-packages/iniconfig-1.1.1-py3.6.egg" type="simple" />
            <root url="file://$USER_HOME$/anaconda2/envs/brain_model/lib/python3.6/site-packages/smmap-5.0.0-py3.6.egg" type="simple" />
            <root url="file://$USER_HOME$/anaconda2/envs/brain_model/lib/python3.6/site-packages/brainio_collection-0.1.0-py3.6.egg" type="simple" />
            <root url="file://$USER_HOME$/anaconda2/envs/brain_model/lib/python3.6/site-packages/imageio-2.16.1-py3.6.egg" type="simple" />
            <root url="file://$USER_HOME$/anaconda2/envs/brain_model/lib/python3.6/site-packages/xarray-0.17.0-py3.6.egg" type="simple" />
            <root url="file://$USER_HOME$/anaconda2/envs/brain_model/lib/python3.6/site-packages/brain_score-0.2-py3.6.egg" type="simple" />
            <root url="file://$USER_HOME$/anaconda2/envs/brain_model/lib/python3.6/site-packages/botocore-1.24.20-py3.6.egg" type="simple" />
            <root url="file://$USER_HOME$/anaconda2/envs/brain_model/lib/python3.6/site-packages/candidate_models-0.1.0-py3.6.egg" type="simple" />
            <root url="file://$USER_HOME$/anaconda2/envs/brain_model/lib/python3.6/site-packages/model_tools-0.1.0-py3.6.egg" type="simple" />
            <root url="file://$USER_HOME$/anaconda2/envs/brain_model/lib/python3.6/site-packages/tensorflow-1.15.0-py3.6-linux-x86_64.egg" type="simple" />
            <root url="file://$USER_HOME$/anaconda2/envs/brain_model/lib/python3.6/site-packages/tensorflow_estimator-1.15.1-py3.6.egg" type="simple" />
            <root url="file://$USER_HOME$/anaconda2/envs/brain_model/lib/python3.6/site-packages/tensorboard-1.15.0-py3.6.egg" type="simple" />
            <root url="file://$USER_HOME$/.cache/JetBrains/PyCharmCE2021.3/python_stubs/-261675736" type="simple" />
            <root url="file://$APPLICATION_HOME_DIR$/plugins/python-ce/helpers/python-skeletons" type="simple" />
            <root url="file://$APPLICATION_HOME_DIR$/plugins/python-ce/helpers/typeshed/stdlib" type="simple" />
            <root url="file://$APPLICATION_HOME_DIR$/plugins/python-ce/helpers/typeshed/stubs/six" type="simple" />
            <root url="file://$APPLICATION_HOME_DIR$/plugins/python-ce/helpers/typeshed/stubs/boto" type="simple" />
            <root url="file://$APPLICATION_HOME_DIR$/plugins/python-ce/helpers/typeshed/stubs/mock" type="simple" />
            <root url="file://$APPLICATION_HOME_DIR$/plugins/python-ce/helpers/typeshed/stubs/pytz" type="simple" />
            <root url="file://$APPLICATION_HOME_DIR$/plugins/python-ce/helpers/typeshed/stubs/toml" type="simple" />
            <root url="file://$APPLICATION_HOME_DIR$/plugins/python-ce/helpers/typeshed/stubs/annoy" type="simple" />
            <root url="file://$APPLICATION_HOME_DIR$/plugins/python-ce/helpers/typeshed/stubs/babel" type="simple" />
            <root url="file://$APPLICATION_HOME_DIR$/plugins/python-ce/helpers/typeshed/stubs/click" type="simple" />
            <root url="file://$APPLICATION_HOME_DIR$/plugins/python-ce/helpers/typeshed/stubs/emoji" type="simple" />
            <root url="file://$APPLICATION_HOME_DIR$/plugins/python-ce/helpers/typeshed/stubs/first" type="simple" />
            <root url="file://$APPLICATION_HOME_DIR$/plugins/python-ce/helpers/typeshed/stubs/polib" type="simple" />
            <root url="file://$APPLICATION_HOME_DIR$/plugins/python-ce/helpers/typeshed/stubs/redis" type="simple" />
            <root url="file://$APPLICATION_HOME_DIR$/plugins/python-ce/helpers/typeshed/stubs/retry" type="simple" />
            <root url="file://$APPLICATION_HOME_DIR$/plugins/python-ce/helpers/typeshed/stubs/ujson" type="simple" />
            <root url="file://$APPLICATION_HOME_DIR$/plugins/python-ce/helpers/typeshed/stubs/Pillow" type="simple" />
            <root url="file://$APPLICATION_HOME_DIR$/plugins/python-ce/helpers/typeshed/stubs/PyYAML" type="simple" />
            <root url="file://$APPLICATION_HOME_DIR$/plugins/python-ce/helpers/typeshed/stubs/bleach" type="simple" />
            <root url="file://$APPLICATION_HOME_DIR$/plugins/python-ce/helpers/typeshed/stubs/caldav" type="simple" />
            <root url="file://$APPLICATION_HOME_DIR$/plugins/python-ce/helpers/typeshed/stubs/docopt" type="simple" />
            <root url="file://$APPLICATION_HOME_DIR$/plugins/python-ce/helpers/typeshed/stubs/enum34" type="simple" />
            <root url="file://$APPLICATION_HOME_DIR$/plugins/python-ce/helpers/typeshed/stubs/orjson" type="simple" />
            <root url="file://$APPLICATION_HOME_DIR$/plugins/python-ce/helpers/typeshed/stubs/psutil" type="simple" />
            <root url="file://$APPLICATION_HOME_DIR$/plugins/python-ce/helpers/typeshed/stubs/pycurl" type="simple" />
            <root url="file://$APPLICATION_HOME_DIR$/plugins/python-ce/helpers/typeshed/stubs/pysftp" type="simple" />
            <root url="file://$APPLICATION_HOME_DIR$/plugins/python-ce/helpers/typeshed/stubs/stripe" type="simple" />
            <root url="file://$APPLICATION_HOME_DIR$/plugins/python-ce/helpers/typeshed/stubs/xxhash" type="simple" />
            <root url="file://$APPLICATION_HOME_DIR$/plugins/python-ce/helpers/typeshed/stubs/PyMySQL" type="simple" />
            <root url="file://$APPLICATION_HOME_DIR$/plugins/python-ce/helpers/typeshed/stubs/appdirs" type="simple" />
            <root url="file://$APPLICATION_HOME_DIR$/plugins/python-ce/helpers/typeshed/stubs/certifi" type="simple" />
            <root url="file://$APPLICATION_HOME_DIR$/plugins/python-ce/helpers/typeshed/stubs/chardet" type="simple" />
            <root url="file://$APPLICATION_HOME_DIR$/plugins/python-ce/helpers/typeshed/stubs/futures" type="simple" />
            <root url="file://$APPLICATION_HOME_DIR$/plugins/python-ce/helpers/typeshed/stubs/pyaudio" type="simple" />
            <root url="file://$APPLICATION_HOME_DIR$/plugins/python-ce/helpers/typeshed/stubs/pyvmomi" type="simple" />
            <root url="file://$APPLICATION_HOME_DIR$/plugins/python-ce/helpers/typeshed/stubs/slumber" type="simple" />
            <root url="file://$APPLICATION_HOME_DIR$/plugins/python-ce/helpers/typeshed/stubs/tzlocal" type="simple" />
            <root url="file://$APPLICATION_HOME_DIR$/plugins/python-ce/helpers/typeshed/stubs/vobject" type="simple" />
            <root url="file://$APPLICATION_HOME_DIR$/plugins/python-ce/helpers/typeshed/stubs/Markdown" type="simple" />
            <root url="file://$APPLICATION_HOME_DIR$/plugins/python-ce/helpers/typeshed/stubs/Pygments" type="simple" />
            <root url="file://$APPLICATION_HOME_DIR$/plugins/python-ce/helpers/typeshed/stubs/Werkzeug" type="simple" />
            <root url="file://$APPLICATION_HOME_DIR$/plugins/python-ce/helpers/typeshed/stubs/aiofiles" type="simple" />
            <root url="file://$APPLICATION_HOME_DIR$/plugins/python-ce/helpers/typeshed/stubs/colorama" type="simple" />
            <root url="file://$APPLICATION_HOME_DIR$/plugins/python-ce/helpers/typeshed/stubs/croniter" type="simple" />
            <root url="file://$APPLICATION_HOME_DIR$/plugins/python-ce/helpers/typeshed/stubs/docutils" type="simple" />
            <root url="file://$APPLICATION_HOME_DIR$/plugins/python-ce/helpers/typeshed/stubs/filelock" type="simple" />
            <root url="file://$APPLICATION_HOME_DIR$/plugins/python-ce/helpers/typeshed/stubs/html5lib" type="simple" />
            <root url="file://$APPLICATION_HOME_DIR$/plugins/python-ce/helpers/typeshed/stubs/httplib2" type="simple" />
            <root url="file://$APPLICATION_HOME_DIR$/plugins/python-ce/helpers/typeshed/stubs/jmespath" type="simple" />
            <root url="file://$APPLICATION_HOME_DIR$/plugins/python-ce/helpers/typeshed/stubs/oauthlib" type="simple" />
            <root url="file://$APPLICATION_HOME_DIR$/plugins/python-ce/helpers/typeshed/stubs/paramiko" type="simple" />
            <root url="file://$APPLICATION_HOME_DIR$/plugins/python-ce/helpers/typeshed/stubs/psycopg2" type="simple" />
            <root url="file://$APPLICATION_HOME_DIR$/plugins/python-ce/helpers/typeshed/stubs/requests" type="simple" />
            <root url="file://$APPLICATION_HOME_DIR$/plugins/python-ce/helpers/typeshed/stubs/selenium" type="simple" />
            <root url="file://$APPLICATION_HOME_DIR$/plugins/python-ce/helpers/typeshed/stubs/tabulate" type="simple" />
            <root url="file://$APPLICATION_HOME_DIR$/plugins/python-ce/helpers/typeshed/stubs/toposort" type="simple" />
            <root url="file://$APPLICATION_HOME_DIR$/plugins/python-ce/helpers/typeshed/stubs/waitress" type="simple" />
            <root url="file://$APPLICATION_HOME_DIR$/plugins/python-ce/helpers/typeshed/stubs/braintree" type="simple" />
            <root url="file://$APPLICATION_HOME_DIR$/plugins/python-ce/helpers/typeshed/stubs/decorator" type="simple" />
            <root url="file://$APPLICATION_HOME_DIR$/plugins/python-ce/helpers/typeshed/stubs/freezegun" type="simple" />
            <root url="file://$APPLICATION_HOME_DIR$/plugins/python-ce/helpers/typeshed/stubs/ipaddress" type="simple" />
            <root url="file://$APPLICATION_HOME_DIR$/plugins/python-ce/helpers/typeshed/stubs/pyOpenSSL" type="simple" />
            <root url="file://$APPLICATION_HOME_DIR$/plugins/python-ce/helpers/typeshed/stubs/pyRFC3339" type="simple" />
            <root url="file://$APPLICATION_HOME_DIR$/plugins/python-ce/helpers/typeshed/stubs/termcolor" type="simple" />
            <root url="file://$APPLICATION_HOME_DIR$/plugins/python-ce/helpers/typeshed/stubs/ttkthemes" type="simple" />
            <root url="file://$APPLICATION_HOME_DIR$/plugins/python-ce/helpers/typeshed/stubs/typed-ast" type="simple" />
            <root url="file://$APPLICATION_HOME_DIR$/plugins/python-ce/helpers/typeshed/stubs/Deprecated" type="simple" />
            <root url="file://$APPLICATION_HOME_DIR$/plugins/python-ce/helpers/typeshed/stubs/MarkupSafe" type="simple" />
            <root url="file://$APPLICATION_HOME_DIR$/plugins/python-ce/helpers/typeshed/stubs/Send2Trash" type="simple" />
            <root url="file://$APPLICATION_HOME_DIR$/plugins/python-ce/helpers/typeshed/stubs/cachetools" type="simple" />
            <root url="file://$APPLICATION_HOME_DIR$/plugins/python-ce/helpers/typeshed/stubs/commonmark" type="simple" />
            <root url="file://$APPLICATION_HOME_DIR$/plugins/python-ce/helpers/typeshed/stubs/dateparser" type="simple" />
            <root url="file://$APPLICATION_HOME_DIR$/plugins/python-ce/helpers/typeshed/stubs/frozendict" type="simple" />
            <root url="file://$APPLICATION_HOME_DIR$/plugins/python-ce/helpers/typeshed/stubs/jsonschema" type="simple" />
            <root url="file://$APPLICATION_HOME_DIR$/plugins/python-ce/helpers/typeshed/stubs/pyfarmhash" type="simple" />
            <root url="file://$APPLICATION_HOME_DIR$/plugins/python-ce/helpers/typeshed/stubs/setuptools" type="simple" />
            <root url="file://$APPLICATION_HOME_DIR$/plugins/python-ce/helpers/typeshed/stubs/simplejson" type="simple" />
            <root url="file://$APPLICATION_HOME_DIR$/plugins/python-ce/helpers/typeshed/stubs/JACK-Client" type="simple" />
            <root url="file://$APPLICATION_HOME_DIR$/plugins/python-ce/helpers/typeshed/stubs/contextvars" type="simple" />
            <root url="file://$APPLICATION_HOME_DIR$/plugins/python-ce/helpers/typeshed/stubs/dataclasses" type="simple" />
            <root url="file://$APPLICATION_HOME_DIR$/plugins/python-ce/helpers/typeshed/stubs/entrypoints" type="simple" />
            <root url="file://$APPLICATION_HOME_DIR$/plugins/python-ce/helpers/typeshed/stubs/mysqlclient" type="simple" />
            <root url="file://$APPLICATION_HOME_DIR$/plugins/python-ce/helpers/typeshed/stubs/prettytable" type="simple" />
            <root url="file://$APPLICATION_HOME_DIR$/plugins/python-ce/helpers/typeshed/stubs/python-nmap" type="simple" />
            <root url="file://$APPLICATION_HOME_DIR$/plugins/python-ce/helpers/typeshed/stubs/atomicwrites" type="simple" />
            <root url="file://$APPLICATION_HOME_DIR$/plugins/python-ce/helpers/typeshed/stubs/aws-xray-sdk" type="simple" />
            <root url="file://$APPLICATION_HOME_DIR$/plugins/python-ce/helpers/typeshed/stubs/cryptography" type="simple" />
            <root url="file://$APPLICATION_HOME_DIR$/plugins/python-ce/helpers/typeshed/stubs/editdistance" type="simple" />
            <root url="file://$APPLICATION_HOME_DIR$/plugins/python-ce/helpers/typeshed/stubs/itsdangerous" type="simple" />
            <root url="file://$APPLICATION_HOME_DIR$/plugins/python-ce/helpers/typeshed/stubs/DateTimeRange" type="simple" />
            <root url="file://$APPLICATION_HOME_DIR$/plugins/python-ce/helpers/typeshed/stubs/backports_abc" type="simple" />
            <root url="file://$APPLICATION_HOME_DIR$/plugins/python-ce/helpers/typeshed/stubs/click-spinner" type="simple" />
            <root url="file://$APPLICATION_HOME_DIR$/plugins/python-ce/helpers/typeshed/stubs/humanfriendly" type="simple" />
            <root url="file://$APPLICATION_HOME_DIR$/plugins/python-ce/helpers/typeshed/stubs/python-gflags" type="simple" />
            <root url="file://$APPLICATION_HOME_DIR$/plugins/python-ce/helpers/typeshed/stubs/beautifulsoup4" type="simple" />
            <root url="file://$APPLICATION_HOME_DIR$/plugins/python-ce/helpers/typeshed/stubs/characteristic" type="simple" />
            <root url="file://$APPLICATION_HOME_DIR$/plugins/python-ce/helpers/typeshed/stubs/python-slugify" type="simple" />
            <root url="file://$APPLICATION_HOME_DIR$/plugins/python-ce/helpers/typeshed/stubs/singledispatch" type="simple" />
            <root url="file://$APPLICATION_HOME_DIR$/plugins/python-ce/helpers/typeshed/stubs/mypy-extensions" type="simple" />
            <root url="file://$APPLICATION_HOME_DIR$/plugins/python-ce/helpers/typeshed/stubs/python-dateutil" type="simple" />
            <root url="file://$APPLICATION_HOME_DIR$/plugins/python-ce/helpers/typeshed/stubs/pytest-lazy-fixture" type="simple" />
            <root url="file://$APPLICATION_HOME_DIR$/plugins/python-ce/helpers/typeshed/stubs/backports.ssl_match_hostname" type="simple" />
          </root>
        </classPath>
        <sourcePath>
          <root type="composite" />
        </sourcePath>
      </roots>
      <additional ASSOCIATED_PROJECT_PATH="/data3/dong" />
    </jdk>
    <jdk version="2">
      <name value="Python 3.10 (brain_model_3_10)" />
      <type value="Python SDK" />
      <version value="Python 3.10.0" />
      <homePath value="$USER_HOME$/anaconda2/envs/brain_model_3_10/bin/python" />
      <roots>
        <classPath>
          <root type="composite">
            <root url="file://$USER_HOME$/anaconda2/envs/brain_model_3_10/lib/python3.10" type="simple" />
            <root url="file://$USER_HOME$/anaconda2/envs/brain_model_3_10/lib/python3.10/lib-dynload" type="simple" />
            <root url="file://$USER_HOME$/anaconda2/envs/brain_model_3_10/lib/python3.10/site-packages" type="simple" />
            <root url="file://$USER_HOME$/anaconda2/envs/brain_model_3_10/lib/python3.10/site-packages/brain_score-0.1.0-py3.10.egg" type="simple" />
            <root url="file://$USER_HOME$/anaconda2/envs/brain_model_3_10/lib/python3.10/site-packages/result_caching-0.1.0-py3.10.egg" type="simple" />
            <root url="file://$USER_HOME$/anaconda2/envs/brain_model_3_10/lib/python3.10/site-packages/dask-2022.2.1-py3.10.egg" type="simple" />
            <root url="file://$USER_HOME$/anaconda2/envs/brain_model_3_10/lib/python3.10/site-packages/toolz-0.11.2-py3.10.egg" type="simple" />
            <root url="jar://$USER_HOME$/anaconda2/envs/brain_model_3_10/lib/python3.10/site-packages/PyYAML-6.0-py3.10-linux-x86_64.egg!/" type="simple" />
            <root url="file://$USER_HOME$/anaconda2/envs/brain_model_3_10/lib/python3.10/site-packages/partd-1.2.0-py3.10.egg" type="simple" />
            <root url="file://$USER_HOME$/anaconda2/envs/brain_model_3_10/lib/python3.10/site-packages/packaging-21.3-py3.10.egg" type="simple" />
            <root url="file://$USER_HOME$/anaconda2/envs/brain_model_3_10/lib/python3.10/site-packages/fsspec-2022.2.0-py3.10.egg" type="simple" />
            <root url="file://$USER_HOME$/anaconda2/envs/brain_model_3_10/lib/python3.10/site-packages/cloudpickle-2.0.0-py3.10.egg" type="simple" />
            <root url="file://$USER_HOME$/anaconda2/envs/brain_model_3_10/lib/python3.10/site-packages/locket-0.2.1-py3.10.egg" type="simple" />
            <root url="file://$USER_HOME$/anaconda2/envs/brain_model_3_10/lib/python3.10/site-packages/pyparsing-3.0.7-py3.10.egg" type="simple" />
            <root url="file://$USER_HOME$/anaconda2/envs/brain_model_3_10/lib/python3.10/site-packages/networkx-2.7.1-py3.10.egg" type="simple" />
            <root url="file://$USER_HOME$/anaconda2/envs/brain_model_3_10/lib/python3.10/site-packages/h5py-3.6.0-py3.10-linux-x86_64.egg" type="simple" />
            <root url="file://$USER_HOME$/anaconda2/envs/brain_model_3_10/lib/python3.10/site-packages/scikit_learn-1.0.2-py3.10-linux-x86_64.egg" type="simple" />
            <root url="file://$USER_HOME$/anaconda2/envs/brain_model_3_10/lib/python3.10/site-packages/brainio_collection-0.1.0-py3.10.egg" type="simple" />
            <root url="file://$USER_HOME$/anaconda2/envs/brain_model_3_10/lib/python3.10/site-packages/imageio-2.16.1-py3.10.egg" type="simple" />
            <root url="file://$USER_HOME$/anaconda2/envs/brain_model_3_10/lib/python3.10/site-packages/pytest-7.1.0-py3.10.egg" type="simple" />
            <root url="file://$USER_HOME$/anaconda2/envs/brain_model_3_10/lib/python3.10/site-packages/requests-2.27.1-py3.10.egg" type="simple" />
            <root url="file://$USER_HOME$/anaconda2/envs/brain_model_3_10/lib/python3.10/site-packages/brainio_base-0.1.0-py3.10.egg" type="simple" />
            <root url="file://$USER_HOME$/anaconda2/envs/brain_model_3_10/lib/python3.10/site-packages/xarray-0.12.0-py3.10.egg" type="simple" />
            <root url="file://$USER_HOME$/anaconda2/envs/brain_model_3_10/lib/python3.10/site-packages/tomli-2.0.1-py3.10.egg" type="simple" />
            <root url="file://$USER_HOME$/anaconda2/envs/brain_model_3_10/lib/python3.10/site-packages/py-1.11.0-py3.10.egg" type="simple" />
            <root url="file://$USER_HOME$/anaconda2/envs/brain_model_3_10/lib/python3.10/site-packages/pluggy-1.0.0-py3.10.egg" type="simple" />
            <root url="file://$USER_HOME$/anaconda2/envs/brain_model_3_10/lib/python3.10/site-packages/iniconfig-1.1.1-py3.10.egg" type="simple" />
            <root url="file://$USER_HOME$/anaconda2/envs/brain_model_3_10/lib/python3.10/site-packages/attrs-21.4.0-py3.10.egg" type="simple" />
            <root url="file://$USER_HOME$/anaconda2/envs/brain_model_3_10/lib/python3.10/site-packages/idna-3.3-py3.10.egg" type="simple" />
            <root url="file://$USER_HOME$/anaconda2/envs/brain_model_3_10/lib/python3.10/site-packages/charset_normalizer-2.0.12-py3.10.egg" type="simple" />
            <root url="file://$USER_HOME$/anaconda2/envs/brain_model_3_10/lib/python3.10/site-packages/threadpoolctl-3.1.0-py3.10.egg" type="simple" />
            <root url="file://$USER_HOME$/anaconda2/envs/brain_model_3_10/lib/python3.10/site-packages/joblib-1.1.0-py3.10.egg" type="simple" />
            <root url="file://$USER_HOME$/anaconda2/envs/brain_model_3_10/lib/python3.10/site-packages/pandas-1.2.5-py3.10-linux-x86_64.egg" type="simple" />
            <root url="file://$USER_HOME$/.cache/JetBrains/PyCharmCE2021.3/python_stubs/-338678828" type="simple" />
            <root url="file://$APPLICATION_HOME_DIR$/plugins/python-ce/helpers/python-skeletons" type="simple" />
            <root url="file://$APPLICATION_HOME_DIR$/plugins/python-ce/helpers/typeshed/stdlib" type="simple" />
            <root url="file://$APPLICATION_HOME_DIR$/plugins/python-ce/helpers/typeshed/stubs/six" type="simple" />
            <root url="file://$APPLICATION_HOME_DIR$/plugins/python-ce/helpers/typeshed/stubs/boto" type="simple" />
            <root url="file://$APPLICATION_HOME_DIR$/plugins/python-ce/helpers/typeshed/stubs/mock" type="simple" />
            <root url="file://$APPLICATION_HOME_DIR$/plugins/python-ce/helpers/typeshed/stubs/pytz" type="simple" />
            <root url="file://$APPLICATION_HOME_DIR$/plugins/python-ce/helpers/typeshed/stubs/toml" type="simple" />
            <root url="file://$APPLICATION_HOME_DIR$/plugins/python-ce/helpers/typeshed/stubs/annoy" type="simple" />
            <root url="file://$APPLICATION_HOME_DIR$/plugins/python-ce/helpers/typeshed/stubs/babel" type="simple" />
            <root url="file://$APPLICATION_HOME_DIR$/plugins/python-ce/helpers/typeshed/stubs/click" type="simple" />
            <root url="file://$APPLICATION_HOME_DIR$/plugins/python-ce/helpers/typeshed/stubs/emoji" type="simple" />
            <root url="file://$APPLICATION_HOME_DIR$/plugins/python-ce/helpers/typeshed/stubs/first" type="simple" />
            <root url="file://$APPLICATION_HOME_DIR$/plugins/python-ce/helpers/typeshed/stubs/polib" type="simple" />
            <root url="file://$APPLICATION_HOME_DIR$/plugins/python-ce/helpers/typeshed/stubs/redis" type="simple" />
            <root url="file://$APPLICATION_HOME_DIR$/plugins/python-ce/helpers/typeshed/stubs/retry" type="simple" />
            <root url="file://$APPLICATION_HOME_DIR$/plugins/python-ce/helpers/typeshed/stubs/ujson" type="simple" />
            <root url="file://$APPLICATION_HOME_DIR$/plugins/python-ce/helpers/typeshed/stubs/Pillow" type="simple" />
            <root url="file://$APPLICATION_HOME_DIR$/plugins/python-ce/helpers/typeshed/stubs/PyYAML" type="simple" />
            <root url="file://$APPLICATION_HOME_DIR$/plugins/python-ce/helpers/typeshed/stubs/bleach" type="simple" />
            <root url="file://$APPLICATION_HOME_DIR$/plugins/python-ce/helpers/typeshed/stubs/caldav" type="simple" />
            <root url="file://$APPLICATION_HOME_DIR$/plugins/python-ce/helpers/typeshed/stubs/docopt" type="simple" />
            <root url="file://$APPLICATION_HOME_DIR$/plugins/python-ce/helpers/typeshed/stubs/enum34" type="simple" />
            <root url="file://$APPLICATION_HOME_DIR$/plugins/python-ce/helpers/typeshed/stubs/orjson" type="simple" />
            <root url="file://$APPLICATION_HOME_DIR$/plugins/python-ce/helpers/typeshed/stubs/psutil" type="simple" />
            <root url="file://$APPLICATION_HOME_DIR$/plugins/python-ce/helpers/typeshed/stubs/pycurl" type="simple" />
            <root url="file://$APPLICATION_HOME_DIR$/plugins/python-ce/helpers/typeshed/stubs/pysftp" type="simple" />
            <root url="file://$APPLICATION_HOME_DIR$/plugins/python-ce/helpers/typeshed/stubs/stripe" type="simple" />
            <root url="file://$APPLICATION_HOME_DIR$/plugins/python-ce/helpers/typeshed/stubs/xxhash" type="simple" />
            <root url="file://$APPLICATION_HOME_DIR$/plugins/python-ce/helpers/typeshed/stubs/PyMySQL" type="simple" />
            <root url="file://$APPLICATION_HOME_DIR$/plugins/python-ce/helpers/typeshed/stubs/appdirs" type="simple" />
            <root url="file://$APPLICATION_HOME_DIR$/plugins/python-ce/helpers/typeshed/stubs/certifi" type="simple" />
            <root url="file://$APPLICATION_HOME_DIR$/plugins/python-ce/helpers/typeshed/stubs/chardet" type="simple" />
            <root url="file://$APPLICATION_HOME_DIR$/plugins/python-ce/helpers/typeshed/stubs/futures" type="simple" />
            <root url="file://$APPLICATION_HOME_DIR$/plugins/python-ce/helpers/typeshed/stubs/pyaudio" type="simple" />
            <root url="file://$APPLICATION_HOME_DIR$/plugins/python-ce/helpers/typeshed/stubs/pyvmomi" type="simple" />
            <root url="file://$APPLICATION_HOME_DIR$/plugins/python-ce/helpers/typeshed/stubs/slumber" type="simple" />
            <root url="file://$APPLICATION_HOME_DIR$/plugins/python-ce/helpers/typeshed/stubs/tzlocal" type="simple" />
            <root url="file://$APPLICATION_HOME_DIR$/plugins/python-ce/helpers/typeshed/stubs/vobject" type="simple" />
            <root url="file://$APPLICATION_HOME_DIR$/plugins/python-ce/helpers/typeshed/stubs/Markdown" type="simple" />
            <root url="file://$APPLICATION_HOME_DIR$/plugins/python-ce/helpers/typeshed/stubs/Pygments" type="simple" />
            <root url="file://$APPLICATION_HOME_DIR$/plugins/python-ce/helpers/typeshed/stubs/Werkzeug" type="simple" />
            <root url="file://$APPLICATION_HOME_DIR$/plugins/python-ce/helpers/typeshed/stubs/aiofiles" type="simple" />
            <root url="file://$APPLICATION_HOME_DIR$/plugins/python-ce/helpers/typeshed/stubs/colorama" type="simple" />
            <root url="file://$APPLICATION_HOME_DIR$/plugins/python-ce/helpers/typeshed/stubs/croniter" type="simple" />
            <root url="file://$APPLICATION_HOME_DIR$/plugins/python-ce/helpers/typeshed/stubs/docutils" type="simple" />
            <root url="file://$APPLICATION_HOME_DIR$/plugins/python-ce/helpers/typeshed/stubs/filelock" type="simple" />
            <root url="file://$APPLICATION_HOME_DIR$/plugins/python-ce/helpers/typeshed/stubs/html5lib" type="simple" />
            <root url="file://$APPLICATION_HOME_DIR$/plugins/python-ce/helpers/typeshed/stubs/httplib2" type="simple" />
            <root url="file://$APPLICATION_HOME_DIR$/plugins/python-ce/helpers/typeshed/stubs/jmespath" type="simple" />
            <root url="file://$APPLICATION_HOME_DIR$/plugins/python-ce/helpers/typeshed/stubs/oauthlib" type="simple" />
            <root url="file://$APPLICATION_HOME_DIR$/plugins/python-ce/helpers/typeshed/stubs/paramiko" type="simple" />
            <root url="file://$APPLICATION_HOME_DIR$/plugins/python-ce/helpers/typeshed/stubs/psycopg2" type="simple" />
            <root url="file://$APPLICATION_HOME_DIR$/plugins/python-ce/helpers/typeshed/stubs/requests" type="simple" />
            <root url="file://$APPLICATION_HOME_DIR$/plugins/python-ce/helpers/typeshed/stubs/selenium" type="simple" />
            <root url="file://$APPLICATION_HOME_DIR$/plugins/python-ce/helpers/typeshed/stubs/tabulate" type="simple" />
            <root url="file://$APPLICATION_HOME_DIR$/plugins/python-ce/helpers/typeshed/stubs/toposort" type="simple" />
            <root url="file://$APPLICATION_HOME_DIR$/plugins/python-ce/helpers/typeshed/stubs/waitress" type="simple" />
            <root url="file://$APPLICATION_HOME_DIR$/plugins/python-ce/helpers/typeshed/stubs/braintree" type="simple" />
            <root url="file://$APPLICATION_HOME_DIR$/plugins/python-ce/helpers/typeshed/stubs/decorator" type="simple" />
            <root url="file://$APPLICATION_HOME_DIR$/plugins/python-ce/helpers/typeshed/stubs/freezegun" type="simple" />
            <root url="file://$APPLICATION_HOME_DIR$/plugins/python-ce/helpers/typeshed/stubs/ipaddress" type="simple" />
            <root url="file://$APPLICATION_HOME_DIR$/plugins/python-ce/helpers/typeshed/stubs/pyOpenSSL" type="simple" />
            <root url="file://$APPLICATION_HOME_DIR$/plugins/python-ce/helpers/typeshed/stubs/pyRFC3339" type="simple" />
            <root url="file://$APPLICATION_HOME_DIR$/plugins/python-ce/helpers/typeshed/stubs/termcolor" type="simple" />
            <root url="file://$APPLICATION_HOME_DIR$/plugins/python-ce/helpers/typeshed/stubs/ttkthemes" type="simple" />
            <root url="file://$APPLICATION_HOME_DIR$/plugins/python-ce/helpers/typeshed/stubs/typed-ast" type="simple" />
            <root url="file://$APPLICATION_HOME_DIR$/plugins/python-ce/helpers/typeshed/stubs/Deprecated" type="simple" />
            <root url="file://$APPLICATION_HOME_DIR$/plugins/python-ce/helpers/typeshed/stubs/MarkupSafe" type="simple" />
            <root url="file://$APPLICATION_HOME_DIR$/plugins/python-ce/helpers/typeshed/stubs/Send2Trash" type="simple" />
            <root url="file://$APPLICATION_HOME_DIR$/plugins/python-ce/helpers/typeshed/stubs/cachetools" type="simple" />
            <root url="file://$APPLICATION_HOME_DIR$/plugins/python-ce/helpers/typeshed/stubs/commonmark" type="simple" />
            <root url="file://$APPLICATION_HOME_DIR$/plugins/python-ce/helpers/typeshed/stubs/dateparser" type="simple" />
            <root url="file://$APPLICATION_HOME_DIR$/plugins/python-ce/helpers/typeshed/stubs/frozendict" type="simple" />
            <root url="file://$APPLICATION_HOME_DIR$/plugins/python-ce/helpers/typeshed/stubs/jsonschema" type="simple" />
            <root url="file://$APPLICATION_HOME_DIR$/plugins/python-ce/helpers/typeshed/stubs/pyfarmhash" type="simple" />
            <root url="file://$APPLICATION_HOME_DIR$/plugins/python-ce/helpers/typeshed/stubs/setuptools" type="simple" />
            <root url="file://$APPLICATION_HOME_DIR$/plugins/python-ce/helpers/typeshed/stubs/simplejson" type="simple" />
            <root url="file://$APPLICATION_HOME_DIR$/plugins/python-ce/helpers/typeshed/stubs/JACK-Client" type="simple" />
            <root url="file://$APPLICATION_HOME_DIR$/plugins/python-ce/helpers/typeshed/stubs/contextvars" type="simple" />
            <root url="file://$APPLICATION_HOME_DIR$/plugins/python-ce/helpers/typeshed/stubs/dataclasses" type="simple" />
            <root url="file://$APPLICATION_HOME_DIR$/plugins/python-ce/helpers/typeshed/stubs/entrypoints" type="simple" />
            <root url="file://$APPLICATION_HOME_DIR$/plugins/python-ce/helpers/typeshed/stubs/mysqlclient" type="simple" />
            <root url="file://$APPLICATION_HOME_DIR$/plugins/python-ce/helpers/typeshed/stubs/prettytable" type="simple" />
            <root url="file://$APPLICATION_HOME_DIR$/plugins/python-ce/helpers/typeshed/stubs/python-nmap" type="simple" />
            <root url="file://$APPLICATION_HOME_DIR$/plugins/python-ce/helpers/typeshed/stubs/atomicwrites" type="simple" />
            <root url="file://$APPLICATION_HOME_DIR$/plugins/python-ce/helpers/typeshed/stubs/aws-xray-sdk" type="simple" />
            <root url="file://$APPLICATION_HOME_DIR$/plugins/python-ce/helpers/typeshed/stubs/cryptography" type="simple" />
            <root url="file://$APPLICATION_HOME_DIR$/plugins/python-ce/helpers/typeshed/stubs/editdistance" type="simple" />
            <root url="file://$APPLICATION_HOME_DIR$/plugins/python-ce/helpers/typeshed/stubs/itsdangerous" type="simple" />
            <root url="file://$APPLICATION_HOME_DIR$/plugins/python-ce/helpers/typeshed/stubs/DateTimeRange" type="simple" />
            <root url="file://$APPLICATION_HOME_DIR$/plugins/python-ce/helpers/typeshed/stubs/backports_abc" type="simple" />
            <root url="file://$APPLICATION_HOME_DIR$/plugins/python-ce/helpers/typeshed/stubs/click-spinner" type="simple" />
            <root url="file://$APPLICATION_HOME_DIR$/plugins/python-ce/helpers/typeshed/stubs/humanfriendly" type="simple" />
            <root url="file://$APPLICATION_HOME_DIR$/plugins/python-ce/helpers/typeshed/stubs/python-gflags" type="simple" />
            <root url="file://$APPLICATION_HOME_DIR$/plugins/python-ce/helpers/typeshed/stubs/beautifulsoup4" type="simple" />
            <root url="file://$APPLICATION_HOME_DIR$/plugins/python-ce/helpers/typeshed/stubs/characteristic" type="simple" />
            <root url="file://$APPLICATION_HOME_DIR$/plugins/python-ce/helpers/typeshed/stubs/python-slugify" type="simple" />
            <root url="file://$APPLICATION_HOME_DIR$/plugins/python-ce/helpers/typeshed/stubs/singledispatch" type="simple" />
            <root url="file://$APPLICATION_HOME_DIR$/plugins/python-ce/helpers/typeshed/stubs/mypy-extensions" type="simple" />
            <root url="file://$APPLICATION_HOME_DIR$/plugins/python-ce/helpers/typeshed/stubs/python-dateutil" type="simple" />
            <root url="file://$APPLICATION_HOME_DIR$/plugins/python-ce/helpers/typeshed/stubs/pytest-lazy-fixture" type="simple" />
            <root url="file://$APPLICATION_HOME_DIR$/plugins/python-ce/helpers/typeshed/stubs/backports.ssl_match_hostname" type="simple" />
          </root>
        </classPath>
        <sourcePath>
          <root type="composite" />
        </sourcePath>
      </roots>
      <additional />
    </jdk>
  </component>
</application>