<application>
  <component name="FileTypeManager" version="17">
    <ignoreFiles list="*$py.class;*.hprof;*.pyc;*.pyo;*.rbc;*.yarb;*~;.DS_Store;.git;.hg;.svn;CVS;__pycache__;_svn;vssver.scc;vssver2.scc;" />
    <extensionMap>
      <mapping pattern="code" type="PLAIN_TEXT" />
      <mapping pattern="matlab" type="PLAIN_TEXT" />
      <mapping pattern="yuelu" type="PLAIN_TEXT" />
      <mapping pattern="sentence" type="PLAIN_TEXT" />
      <mapping pattern=".gitkeep" type="PLAIN_TEXT" />
      <mapping pattern="work" type="PLAIN_TEXT" />
      <mapping pattern="name" type="PLAIN_TEXT" />
    </extensionMap>
  </component>
</application>