<application>
  <component name="ProjectJdkTable">
    <jdk version="2">
      <name value="Python 3.6 (FairMOT)" />
      <type value="Python SDK" />
      <version value="Python 3.6.2" />
      <homePath value="$USER_HOME$/anaconda2/envs/FairMOT/bin/python" />
      <roots>
        <classPath>
          <root type="composite">
            <root url="file://$USER_HOME$/anaconda2/envs/FairMOT/lib/python3.6" type="simple" />
            <root url="file://$USER_HOME$/anaconda2/envs/FairMOT/lib/python3.6/lib-dynload" type="simple" />
            <root url="file://$USER_HOME$/anaconda2/envs/FairMOT/lib/python3.6/site-packages" type="simple" />
            <root url="file:///data2/whd/workspace/MOT/FairMOT/src/lib/models/networks/DCNv2_new" type="simple" />
            <root url="file://$USER_HOME$/.PyCharmCE2019.3/system/python_stubs/-1576201638" type="simple" />
            <root url="file://$APPLICATION_HOME_DIR$/plugins/python-ce/helpers/python-skeletons" type="simple" />
            <root url="file://$APPLICATION_HOME_DIR$/plugins/python-ce/helpers/typeshed/stdlib/3" type="simple" />
            <root url="file://$APPLICATION_HOME_DIR$/plugins/python-ce/helpers/typeshed/stdlib/2and3" type="simple" />
            <root url="file://$APPLICATION_HOME_DIR$/plugins/python-ce/helpers/typeshed/third_party/3" type="simple" />
            <root url="file://$APPLICATION_HOME_DIR$/plugins/python-ce/helpers/typeshed/third_party/2and3" type="simple" />
          </root>
        </classPath>
        <sourcePath>
          <root type="composite" />
        </sourcePath>
      </roots>
      <additional ASSOCIATED_PROJECT_PATH="/data2/whd/workspace/MOT/SST" />
    </jdk>
    <jdk version="2">
      <name value="Python 2.7 (hart)" />
      <type value="Python SDK" />
      <version value="Python 2.7.13" />
      <homePath value="$USER_HOME$/anaconda2/envs/hart/bin/python" />
      <roots>
        <classPath>
          <root type="composite">
            <root url="file://$USER_HOME$/anaconda2/envs/hart/lib/python2.7" type="simple" />
            <root url="file://$USER_HOME$/anaconda2/envs/hart/lib/python2.7/plat-linux2" type="simple" />
            <root url="file://$USER_HOME$/anaconda2/envs/hart/lib/python2.7/lib-tk" type="simple" />
            <root url="file://$USER_HOME$/anaconda2/envs/hart/lib/python2.7/lib-dynload" type="simple" />
            <root url="file://$USER_HOME$/anaconda2/envs/hart/lib/python2.7/site-packages" type="simple" />
            <root url="file://$USER_HOME$/.PyCharmCE2019.3/system/python_stubs/205720739" type="simple" />
            <root url="file://$APPLICATION_HOME_DIR$/plugins/python-ce/helpers/python-skeletons" type="simple" />
            <root url="file://$APPLICATION_HOME_DIR$/plugins/python-ce/helpers/typeshed/stdlib/2" type="simple" />
            <root url="file://$APPLICATION_HOME_DIR$/plugins/python-ce/helpers/typeshed/stdlib/2and3" type="simple" />
            <root url="file://$APPLICATION_HOME_DIR$/plugins/python-ce/helpers/typeshed/third_party/2" type="simple" />
            <root url="file://$APPLICATION_HOME_DIR$/plugins/python-ce/helpers/typeshed/third_party/2and3" type="simple" />
          </root>
        </classPath>
        <sourcePath>
          <root type="composite" />
        </sourcePath>
      </roots>
      <additional ASSOCIATED_PROJECT_PATH="/data2/whd/workspace/sot/hart" />
    </jdk>
    <jdk version="2">
      <name value="Python 3.6" />
      <type value="Python SDK" />
      <version value="Python 3.6.9" />
      <homePath value="/usr/bin/python3.6" />
      <roots>
        <classPath>
          <root type="composite">
            <root url="file:///usr/lib/python3.6" type="simple" />
            <root url="file:///usr/lib/python3.6/lib-dynload" type="simple" />
            <root url="file:///usr/local/lib/python3.6/dist-packages" type="simple" />
            <root url="file:///usr/lib/python3/dist-packages" type="simple" />
            <root url="file://$USER_HOME$/.PyCharmCE2019.3/system/python_stubs/-1247971763" type="simple" />
            <root url="file://$APPLICATION_HOME_DIR$/plugins/python-ce/helpers/python-skeletons" type="simple" />
            <root url="file://$APPLICATION_HOME_DIR$/plugins/python-ce/helpers/typeshed/stdlib/3" type="simple" />
            <root url="file://$APPLICATION_HOME_DIR$/plugins/python-ce/helpers/typeshed/stdlib/2and3" type="simple" />
            <root url="file://$APPLICATION_HOME_DIR$/plugins/python-ce/helpers/typeshed/third_party/3" type="simple" />
            <root url="file://$APPLICATION_HOME_DIR$/plugins/python-ce/helpers/typeshed/third_party/2and3" type="simple" />
          </root>
        </classPath>
        <sourcePath>
          <root type="composite" />
        </sourcePath>
      </roots>
      <additional />
    </jdk>
    <jdk version="2">
      <name value="Python 3.6 (venv)" />
      <type value="Python SDK" />
      <version value="Python 3.6.9" />
      <homePath value="/data2/whd/workspace/MOT/vsg/venv/bin/python" />
      <roots>
        <classPath>
          <root type="composite">
            <root url="file:///usr/lib/python3.6" type="simple" />
            <root url="file:///usr/lib/python3.6/lib-dynload" type="simple" />
            <root url="file:///data2/whd/workspace/MOT/vsg/venv/lib/python3.6/site-packages" type="simple" />
            <root url="jar:///data2/whd/workspace/MOT/vsg/venv/lib/python3.6/site-packages/setuptools-40.8.0-py3.6.egg!/" type="simple" />
            <root url="file:///data2/whd/workspace/MOT/vsg/venv/lib/python3.6/site-packages/pip-19.0.3-py3.6.egg" type="simple" />
            <root url="file://$USER_HOME$/.PyCharmCE2019.3/system/python_stubs/2022537326" type="simple" />
            <root url="file://$APPLICATION_HOME_DIR$/plugins/python-ce/helpers/python-skeletons" type="simple" />
            <root url="file://$APPLICATION_HOME_DIR$/plugins/python-ce/helpers/typeshed/stdlib/3" type="simple" />
            <root url="file://$APPLICATION_HOME_DIR$/plugins/python-ce/helpers/typeshed/stdlib/2and3" type="simple" />
            <root url="file://$APPLICATION_HOME_DIR$/plugins/python-ce/helpers/typeshed/third_party/3" type="simple" />
            <root url="file://$APPLICATION_HOME_DIR$/plugins/python-ce/helpers/typeshed/third_party/2and3" type="simple" />
          </root>
        </classPath>
        <sourcePath>
          <root type="composite" />
        </sourcePath>
      </roots>
      <additional ASSOCIATED_PROJECT_PATH="/data2/whd/workspace/MOT/vsg/vsg" />
    </jdk>
    <jdk version="2">
      <name value="Python 3.8 (sub-PAUL-master)" />
      <type value="Python SDK" />
      <homePath value="/data2/whd/workspace/MOT/vsg/sub-PAUL-master/venv/bin/python" />
      <roots>
        <classPath>
          <root type="composite" />
        </classPath>
        <sourcePath>
          <root type="composite" />
        </sourcePath>
      </roots>
      <additional ASSOCIATED_PROJECT_PATH="/data2/whd/workspace/MOT/vsg/sub-PAUL-master" />
    </jdk>
    <jdk version="2">
      <name value="Python 3.6 (MMT)" />
      <type value="Python SDK" />
      <version value="Python 3.6.9" />
      <homePath value="/data2/whd/workspace/MOT/vsg/MMT/bin/python" />
      <roots>
        <classPath>
          <root type="composite">
            <root url="file:///usr/lib/python3.6" type="simple" />
            <root url="file:///usr/lib/python3.6/lib-dynload" type="simple" />
            <root url="file:///data2/whd/workspace/MOT/vsg/MMT/lib/python3.6/site-packages" type="simple" />
            <root url="jar:///data2/whd/workspace/MOT/vsg/MMT/lib/python3.6/site-packages/setuptools-40.8.0-py3.6.egg!/" type="simple" />
            <root url="file:///data2/whd/workspace/MOT/vsg/MMT/lib/python3.6/site-packages/pip-19.0.3-py3.6.egg" type="simple" />
            <root url="jar:///data2/whd/workspace/MOT/vsg/MMT/lib/python3.6/site-packages/MMT-1.1.0-py3.6.egg!/" type="simple" />
            <root url="file://$USER_HOME$/.PyCharmCE2019.3/system/python_stubs/-1841135187" type="simple" />
            <root url="file://$APPLICATION_HOME_DIR$/plugins/python-ce/helpers/python-skeletons" type="simple" />
            <root url="file://$APPLICATION_HOME_DIR$/plugins/python-ce/helpers/typeshed/stdlib/3" type="simple" />
            <root url="file://$APPLICATION_HOME_DIR$/plugins/python-ce/helpers/typeshed/stdlib/2and3" type="simple" />
            <root url="file://$APPLICATION_HOME_DIR$/plugins/python-ce/helpers/typeshed/third_party/3" type="simple" />
            <root url="file://$APPLICATION_HOME_DIR$/plugins/python-ce/helpers/typeshed/third_party/2and3" type="simple" />
          </root>
        </classPath>
        <sourcePath>
          <root type="composite" />
        </sourcePath>
      </roots>
      <additional ASSOCIATED_PROJECT_PATH="/data2/whd/workspace/others/MMT" />
    </jdk>
    <jdk version="2">
      <name value="Python 3.6 (CORnet)" />
      <type value="Python SDK" />
      <version value="Python 3.6.9" />
      <homePath value="/data2/whd/workspace/sot/CORnet/venv/bin/python" />
      <roots>
        <classPath>
          <root type="composite">
            <root url="file://$USER_HOME$/anaconda2/envs/python36/lib/python3.6" type="simple" />
            <root url="file://$USER_HOME$/anaconda2/envs/python36/lib/python3.6/lib-dynload" type="simple" />
            <root url="file:///data2/whd/workspace/sot/CORnet/venv/lib/python3.6/site-packages" type="simple" />
            <root url="file:///data2/whd/workspace/sot/CORnet/venv/lib/python3.6/site-packages/pyEyeBall-0.1.1.dev1-py3.6.egg" type="simple" />
            <root url="jar:///data2/whd/workspace/sot/CORnet/venv/lib/python3.6/site-packages/mriqc-0.15.2-py3.6.egg!/" type="simple" />
            <root url="file:///data2/whd/workspace/sot/CORnet/venv/lib/python3.6/site-packages/jupyter-1.0.0-py3.6.egg" type="simple" />
            <root url="file:///data2/whd/workspace/sot/CORnet/venv/lib/python3.6/site-packages/psycopg2_binary-2.8.6-py3.6-linux-x86_64.egg" type="simple" />
            <root url="file:///data2/whd/workspace/sot/CORnet/venv/lib/python3.6/site-packages/peewee-3.13.3-py3.6-linux-x86_64.egg" type="simple" />
            <root url="file:///data2/whd/workspace/sot/CORnet/venv/lib/python3.6/site-packages/pybtex-0.23.0-py3.6.egg" type="simple" />
            <root url="file:///data2/whd/workspace/sot/CORnet/venv/lib/python3.6/site-packages/pandas-0.25.3-py3.6-linux-x86_64.egg" type="simple" />
            <root url="file:///data2/whd/workspace/sot/CORnet/venv/lib/python3.6/site-packages/result_caching-0.1.0-py3.6.egg" type="simple" />
            <root url="file:///data2/whd/workspace/sot/CORnet/venv/lib/python3.6/site-packages/dask-2.30.0-py3.6.egg" type="simple" />
            <root url="file:///data2/whd/workspace/sot/CORnet/venv/lib/python3.6/site-packages/toolz-0.11.1-py3.6.egg" type="simple" />
            <root url="file:///data2/whd/workspace/sot/CORnet/venv/lib/python3.6/site-packages/networkx-2.5-py3.6.egg" type="simple" />
            <root url="file:///data2/whd/workspace/sot/CORnet/venv/lib/python3.6/site-packages/scikit_learn-0.23.2-py3.6-linux-x86_64.egg" type="simple" />
            <root url="file:///data2/whd/workspace/sot/CORnet/venv/lib/python3.6/site-packages/imageio-2.9.0-py3.6.egg" type="simple" />
            <root url="file:///data2/whd/workspace/sot/CORnet/venv/lib/python3.6/site-packages/pytest-6.1.2-py3.6.egg" type="simple" />
            <root url="file:///data2/whd/workspace/sot/CORnet/venv/lib/python3.6/site-packages/netCDF4-1.5.4-py3.6-linux-x86_64.egg" type="simple" />
            <root url="file:///data2/whd/workspace/sot/CORnet/venv/lib/python3.6/site-packages/boto3-1.16.7-py3.6.egg" type="simple" />
            <root url="file:///data2/whd/workspace/sot/CORnet/venv/lib/python3.6/site-packages/brainio_base-0.1.0-py3.6.egg" type="simple" />
            <root url="file:///data2/whd/workspace/sot/CORnet/venv/lib/python3.6/site-packages/toml-0.10.1-py3.6.egg" type="simple" />
            <root url="file:///data2/whd/workspace/sot/CORnet/venv/lib/python3.6/site-packages/py-1.9.0-py3.6.egg" type="simple" />
            <root url="file:///data2/whd/workspace/sot/CORnet/venv/lib/python3.6/site-packages/pluggy-0.13.1-py3.6.egg" type="simple" />
            <root url="file:///data2/whd/workspace/sot/CORnet/venv/lib/python3.6/site-packages/iniconfig-1.1.1-py3.6.egg" type="simple" />
            <root url="file:///data2/whd/workspace/sot/CORnet/venv/lib/python3.6/site-packages/importlib_metadata-2.0.0-py3.6.egg" type="simple" />
            <root url="file:///data2/whd/workspace/sot/CORnet/venv/lib/python3.6/site-packages/attrs-20.2.0-py3.6.egg" type="simple" />
            <root url="file:///data2/whd/workspace/sot/CORnet/venv/lib/python3.6/site-packages/zipp-3.4.0-py3.6.egg" type="simple" />
            <root url="file:///data2/whd/workspace/sot/CORnet/venv/lib/python3.6/site-packages/qtconsole-4.7.7-py3.6.egg" type="simple" />
            <root url="file:///data2/whd/workspace/sot/CORnet/venv/lib/python3.6/site-packages/notebook-6.1.4-py3.6.egg" type="simple" />
            <root url="file:///data2/whd/workspace/sot/CORnet/venv/lib/python3.6/site-packages/nbconvert-6.0.7-py3.6.egg" type="simple" />
            <root url="file:///data2/whd/workspace/sot/CORnet/venv/lib/python3.6/site-packages/jupyter_console-6.2.0-py3.6.egg" type="simple" />
            <root url="file:///data2/whd/workspace/sot/CORnet/venv/lib/python3.6/site-packages/ipywidgets-8.0.0a0-py3.6.egg" type="simple" />
            <root url="file:///data2/whd/workspace/sot/CORnet/venv/lib/python3.6/site-packages/ipykernel-5.3.4-py3.6.egg" type="simple" />
            <root url="file:///data2/whd/workspace/sot/CORnet/venv/lib/python3.6/site-packages/threadpoolctl-2.1.0-py3.6.egg" type="simple" />
            <root url="file:///data2/whd/workspace/sot/CORnet/venv/lib/python3.6/site-packages/tensorflow-2.0.0b1-py3.6-linux-x86_64.egg" type="simple" />
            <root url="file:///data2/whd/workspace/sot/CORnet/venv/lib/python3.6/site-packages/fire-0.3.1-py3.6.egg" type="simple" />
            <root url="file:///data2/whd/workspace/sot/CORnet/venv/lib/python3.6/site-packages/GitPython-3.1.11-py3.6.egg" type="simple" />
            <root url="file:///data2/whd/workspace/sot/CORnet/venv/lib/python3.6/site-packages/latexcodec-2.0.1-py3.6.egg" type="simple" />
            <root url="file:///data2/whd/workspace/sot/CORnet/venv/lib/python3.6/site-packages/tf_estimator_nightly-1.14.0.dev2019060501-py3.6.egg" type="simple" />
            <root url="file:///data2/whd/workspace/sot/CORnet/venv/lib/python3.6/site-packages/tb_nightly-1.14.0a20190603-py3.6.egg" type="simple" />
            <root url="file:///data2/whd/workspace/sot/CORnet/venv/lib/python3.6/site-packages/gitdb-4.0.5-py3.6.egg" type="simple" />
            <root url="file:///data2/whd/workspace/sot/CORnet/venv/lib/python3.6/site-packages/brainio_contrib-0.1.0-py3.6.egg" type="simple" />
            <root url="file:///data2/whd/workspace/sot/CORnet/venv/lib/python3.6/site-packages/cftime-1.2.1-py3.6-linux-x86_64.egg" type="simple" />
            <root url="file:///data2/whd/workspace/sot/CORnet/venv/lib/python3.6/site-packages/s3transfer-0.3.3-py3.6.egg" type="simple" />
            <root url="file:///data2/whd/workspace/sot/CORnet/venv/lib/python3.6/site-packages/jmespath-0.10.0-py3.6.egg" type="simple" />
            <root url="file:///data2/whd/workspace/sot/CORnet/venv/lib/python3.6/site-packages/botocore-1.19.7-py3.6.egg" type="simple" />
            <root url="file:///data2/whd/workspace/sot/CORnet/venv/lib/python3.6/site-packages/candidate_models-0.1.0-py3.6.egg" type="simple" />
            <root url="file:///data2/whd/workspace/sot/CORnet/venv/lib/python3.6/site-packages/tnn-0.0.4-py3.6.egg" type="simple" />
            <root url="file:///data2/whd/workspace/sot/CORnet/venv/lib/python3.6/site-packages/model_tools-0.1.0-py3.6.egg" type="simple" />
            <root url="file:///data2/whd/workspace/sot/CORnet/venv/lib/python3.6/site-packages/model_template-0.1.0-py3.6.egg" type="simple" />
            <root url="file:///data2/whd/workspace/sot/CORnet/venv/lib/python3.6/site-packages/brain_score-0.2-py3.6.egg" type="simple" />
            <root url="file:///data2/whd/workspace/sot/CORnet/venv/lib/python3.6/site-packages/brainio_collection-0.1.0-py3.6.egg" type="simple" />
            <root url="file:///data2/whd/workspace/sot/CORnet/venv/lib/python3.6/site-packages/Keras-2.3.1-py3.6.egg" type="simple" />
            <root url="file:///data2/whd/workspace/sot/CORnet/venv/lib/python3.6/site-packages/brainio-0.1.0-py3.6.egg" type="simple" />
            <root url="file:///data2/whd/workspace/sot/CORnet/venv/lib/python3.6/site-packages/xarray-0.17.0-py3.6.egg" type="simple" />
            <root url="file://$USER_HOME$/.PyCharmCE2019.3/system/python_stubs/-598189337" type="simple" />
            <root url="file://$APPLICATION_HOME_DIR$/plugins/python-ce/helpers/python-skeletons" type="simple" />
            <root url="file://$APPLICATION_HOME_DIR$/plugins/python-ce/helpers/typeshed/stdlib/3" type="simple" />
            <root url="file://$APPLICATION_HOME_DIR$/plugins/python-ce/helpers/typeshed/stdlib/2and3" type="simple" />
            <root url="file://$APPLICATION_HOME_DIR$/plugins/python-ce/helpers/typeshed/third_party/3" type="simple" />
            <root url="file://$APPLICATION_HOME_DIR$/plugins/python-ce/helpers/typeshed/third_party/2and3" type="simple" />
          </root>
        </classPath>
        <sourcePath>
          <root type="composite" />
        </sourcePath>
      </roots>
      <additional ASSOCIATED_PROJECT_PATH="/data2/whd/workspace/sot/CORnet" />
    </jdk>
    <jdk version="2">
      <name value="Python 3.6 (vonenet)" />
      <type value="Python SDK" />
      <version value="Python 3.6.9" />
      <homePath value="/data2/whd/workspace/sot/vonenet/envs/bin/python" />
      <roots>
        <classPath>
          <root type="composite">
            <root url="file://$USER_HOME$/anaconda2/envs/python36/lib/python3.6" type="simple" />
            <root url="file://$USER_HOME$/anaconda2/envs/python36/lib/python3.6/lib-dynload" type="simple" />
            <root url="file:///data2/whd/workspace/sot/vonenet/envs/lib/python3.6/site-packages" type="simple" />
            <root url="jar:///data2/whd/workspace/sot/vonenet/envs/lib/python3.6/site-packages/setuptools-40.8.0-py3.6.egg!/" type="simple" />
            <root url="file:///data2/whd/workspace/sot/vonenet/envs/lib/python3.6/site-packages/pip-19.0.3-py3.6.egg" type="simple" />
            <root url="file://$USER_HOME$/.PyCharmCE2019.3/system/python_stubs/1229515752" type="simple" />
            <root url="file://$APPLICATION_HOME_DIR$/plugins/python-ce/helpers/python-skeletons" type="simple" />
            <root url="file://$APPLICATION_HOME_DIR$/plugins/python-ce/helpers/typeshed/stdlib/3" type="simple" />
            <root url="file://$APPLICATION_HOME_DIR$/plugins/python-ce/helpers/typeshed/stdlib/2and3" type="simple" />
            <root url="file://$APPLICATION_HOME_DIR$/plugins/python-ce/helpers/typeshed/third_party/3" type="simple" />
            <root url="file://$APPLICATION_HOME_DIR$/plugins/python-ce/helpers/typeshed/third_party/2and3" type="simple" />
          </root>
        </classPath>
        <sourcePath>
          <root type="composite" />
        </sourcePath>
      </roots>
      <additional ASSOCIATED_PROJECT_PATH="/data2/whd/workspace/sot/vonenet" />
    </jdk>
    <jdk version="2">
      <name value="Python 3.7 (CORnet)" />
      <type value="Python SDK" />
      <version value="Python 3.7.11" />
      <homePath value="/data2/whd/workspace/sot/venv/bin/python" />
      <roots>
        <classPath>
          <root type="composite">
            <root url="file:///data2/whd/workspace/sot/venv/lib/python3.7" type="simple" />
            <root url="file:///data2/whd/workspace/sot/venv/lib/python3.7/lib-dynload" type="simple" />
            <root url="file:///data2/whd/workspace/sot/venv/lib/python3.7/site-packages" type="simple" />
            <root url="file://$USER_HOME$/.PyCharmCE2019.3/system/python_stubs/-518987431" type="simple" />
            <root url="file://$APPLICATION_HOME_DIR$/plugins/python-ce/helpers/python-skeletons" type="simple" />
            <root url="file://$APPLICATION_HOME_DIR$/plugins/python-ce/helpers/typeshed/stdlib/3" type="simple" />
            <root url="file://$APPLICATION_HOME_DIR$/plugins/python-ce/helpers/typeshed/stdlib/2and3" type="simple" />
            <root url="file://$APPLICATION_HOME_DIR$/plugins/python-ce/helpers/typeshed/third_party/3" type="simple" />
            <root url="file://$APPLICATION_HOME_DIR$/plugins/python-ce/helpers/typeshed/third_party/2and3" type="simple" />
          </root>
        </classPath>
        <sourcePath>
          <root type="composite" />
        </sourcePath>
      </roots>
      <additional ASSOCIATED_PROJECT_PATH="/data2/whd/workspace/sot/CORnet" />
    </jdk>
    <jdk version="2">
      <name value="Python 3.6 (brain_model)" />
      <type value="Python SDK" />
      <version value="Python 3.6.13" />
      <homePath value="$USER_HOME$/anaconda2/envs/brain_model/bin/python" />
      <roots>
        <classPath>
          <root type="composite">
            <root url="file://$USER_HOME$/anaconda2/envs/brain_model/lib/python3.6" type="simple" />
            <root url="file://$USER_HOME$/anaconda2/envs/brain_model/lib/python3.6/lib-dynload" type="simple" />
            <root url="file://$USER_HOME$/anaconda2/envs/brain_model/lib/python3.6/site-packages" type="simple" />
            <root url="file:///data3/whd/workspace/brain_model/PointFlow/torchdiffeq" type="simple" />
            <root url="file://$USER_HOME$/.PyCharmCE2019.3/system/python_stubs/-261675736" type="simple" />
            <root url="file://$APPLICATION_HOME_DIR$/plugins/python-ce/helpers/python-skeletons" type="simple" />
            <root url="file://$APPLICATION_HOME_DIR$/plugins/python-ce/helpers/typeshed/stdlib/3" type="simple" />
            <root url="file://$APPLICATION_HOME_DIR$/plugins/python-ce/helpers/typeshed/stdlib/2and3" type="simple" />
            <root url="file://$APPLICATION_HOME_DIR$/plugins/python-ce/helpers/typeshed/third_party/3" type="simple" />
            <root url="file://$APPLICATION_HOME_DIR$/plugins/python-ce/helpers/typeshed/third_party/2and3" type="simple" />
          </root>
        </classPath>
        <sourcePath>
          <root type="composite" />
        </sourcePath>
      </roots>
      <additional ASSOCIATED_PROJECT_PATH="/data3/whd/workspace/brain_model" />
    </jdk>
    <jdk version="2">
      <name value="Python 3.6 (homework)" />
      <type value="Python SDK" />
      <version value="Python 3.6.9" />
      <homePath value="/data2/whd/workspace/others/homework/venv/bin/python" />
      <roots>
        <classPath>
          <root type="composite">
            <root url="file://$USER_HOME$/anaconda2/envs/python36/lib/python3.6" type="simple" />
            <root url="file://$USER_HOME$/anaconda2/envs/python36/lib/python3.6/lib-dynload" type="simple" />
            <root url="file:///data2/whd/workspace/others/homework/venv/lib/python3.6/site-packages" type="simple" />
            <root url="file:///data2/whd/workspace/others/homework/venv/lib/python3.6/site-packages/pip-19.0.3-py3.6.egg" type="simple" />
            <root url="file://$USER_HOME$/.PyCharmCE2019.3/system/python_stubs/-1089818787" type="simple" />
            <root url="file://$APPLICATION_HOME_DIR$/plugins/python-ce/helpers/python-skeletons" type="simple" />
            <root url="file://$APPLICATION_HOME_DIR$/plugins/python-ce/helpers/typeshed/stdlib/3" type="simple" />
            <root url="file://$APPLICATION_HOME_DIR$/plugins/python-ce/helpers/typeshed/stdlib/2and3" type="simple" />
            <root url="file://$APPLICATION_HOME_DIR$/plugins/python-ce/helpers/typeshed/third_party/3" type="simple" />
            <root url="file://$APPLICATION_HOME_DIR$/plugins/python-ce/helpers/typeshed/third_party/2and3" type="simple" />
          </root>
        </classPath>
        <sourcePath>
          <root type="composite" />
        </sourcePath>
      </roots>
      <additional />
    </jdk>
  </component>
</application>